Region,ID,MonsterName,Prefab,Count,SpawnTime,Delay
1,1,SpiderNormal,Resources/EnemyUnitPrefabs/SpiderNormal,5,0,0.5
1,1,SpiderToxin,Resources/EnemyUnitPrefabs/SpiderToxin,8,3,0.5
1,2,SpiderNormal,Resources/EnemyUnitPrefabs/SpiderNormal,8,0,0.5
1,3,SpiderToxin,Resources/EnemyUnitPrefabs/SpiderToxin,8,3,0.5
1,4,SpiderKing,Resources/EnemyUnitPrefabs/SpiderKing,1,1,0
1,4,SpiderNormal,Resources/EnemyUnitPrefabs/SpiderNormal,1,0,0.5
2,1,Bat,Resources/EnemyUnitPrefabs/Bat,10,0,0.5
3,1,Scorpion,Resources/EnemyUnitPrefabs/Scorpion,5,0,0.5
3,2,Golem,Resources/EnemyUnitPrefabs/Golem,5,0,0.5
